<?xml version="1.0" encoding="UTF-8"?>
<project-private xmlns="http://www.netbeans.org/ns/project-private/1">
    <open-files xmlns="http://www.netbeans.org/ns/projectui-open-files/2">
        <group>
            <file>file:/C:/Users/patrick/Dispro/UserMode/src/usermode/FormAudio.java</file>
            <file>file:/C:/Users/patrick/Dispro/UserMode/src/usermode/FormVideo.java</file>
            <file>file:/C:/Users/patrick/Dispro/UserMode/src/usermode/DetailPenyewa.java</file>
            <file>file:/C:/Users/patrick/Dispro/UserMode/src/usermode/FormChat.java</file>
        </group>
    </open-files>
</project-private>
